Isolate ID	Gene	Predicted Phenotype	CGE Predicted Phenotype	%Identity	%Overlap	HSP Length/Total Length	Contig	Start	End	Accession	Sequence	CGE Notes
Flye_on_data_5:_consensus	aac(6')-aph(2'')	amikacin, gentamicin, tobramycin	Gentamicin, Tobramycin, Netilmicin, Kanamycin, Amikacin, Dibekacin, Isepamicin, Fortimicin, Streptomycin	99.38	100.00	1440/1440	contig_2	57644	56214	M13771	ATGAATATAGTTGAAAATGAAATATGTATAAGAACTTTAATAGATGATGATTTTCCTTTGATGTTAAAATGGTTAACTGATGAAAGAGTATTAGAATTTTATGGTGGTAGAGATAAAAA-TATACATTAGAATCATTAAAAAA-CATTATACAGAGCCTTGGGAAGATGAAGTTTTTAGAGTAATTATTGAATATAACAATGTTCCTATTGGATATGGACAAATATATAAAATGTATGATGAGTTATATACTGATTATCATTATCCAAAAACTGATGAGATAGTCTATGGTATGGATCAATTTATAGGAGAGCCAAATTATTGGAGTAAAGGAATTGGTACAAGATATATTAAATTGATTTTTGAATTTTTGAAAAA-GAAAGAAATGCTAATGCAGTTATTTTAGACCCTCATAAAAATAATCCAAGAGCAATAAGGGCATACCAAAAATCTGGTTTTAGAATTATTGAAGATTTGCCAGAACATGAATTACACGAGGGCAAAAA-GAAGATTGTTATTTAATGGAATATAGATATGATGATAATGCCACAAATGTTAAGGCAATGAAATATTTAATTGAGCATTACTTTGATAATTTCAAAGTAGATAGTATTGAAATAATCGGTAGTGGTTATGATAGTGTGGCATATTTAGTTAATAATGAATACATTTTTAAAACAAAATTTAGTACTAATAAGAAAAA-GGTTATGCAAAAGAAAA-GCAATATATAATTTTT-AAATACAAATTTAGAAACTAATGTAAAAATTCCTAATATTGAATATTCGTATATTAGTGATGAATTATCTATACTAGGTTATAAAGAAATTAAAGGAACTTTTT-AACACCAGAAATTTATTCTACTATGTCAGAAGAAGAACAAAATTTGTTAAAACGAGATATTGCCAGTTTTT-AAGACAAATGCACGGTTTAGATTATACAGATATTAGTGAATGTACTATTGATAATAAACAAAATGTATTAGAAGAGTATATATTGTTGCGTGAAACTATTTATAATGATTTAACTGATATAGAAAAAGATTATATAGAAAGTTTTATGGAAAGACTAAATGCAACAACAGTTTTTGAGGGTAAAAAGTGTTTATGCCATAATGATTTTAGTTGTAATCATCTATTGTTAGATGGCAATAATAGATTAACTGGAATAATTGATTTTGGAGATTCTGGAATTATAGATGAATATTGTGATTTTATATACTTACTTGAAGATAGTGAAGAAGAAATAGGAACAAATTTTGGAGAAGATATATTAAGAATGTATGGAAATATAGATATTGAGAAAGCAAAAGAATATCAAGATATAGTTGAAGAATATTATCCTATTGAAACTATTGTTTATGGAATTAAAAATATTAAACAGGAATTTATCGAAAATGGTAGAAAAGAAATTTATAAAAGGACTTATAAAGATTGA	Alternative name aac(6')-bifunctional, aac(6')-Ie, aacA-aphD, aac(6')-Ie-aph(2'')-Ia
Flye_on_data_5:_consensus	aac(6')-aph(2'')	amikacin, gentamicin, tobramycin	Gentamicin, Tobramycin, Netilmicin, Kanamycin, Amikacin, Dibekacin, Isepamicin, Fortimicin, Streptomycin	99.44	100.00	1440/1440	contig_2	27597	26166	M13771	ATGAATATAGTTGAAAATGAAATATGTATAAGAACTTTAATAGATGATGATTTTCCTTTGATGTTAAAATGGTTAACTGATGAAAGAGTATTAGAATTTTATGGTGGTAGAGATAAAAA-TATACATTAGAATCATTAAAAAA-CATTATACAGAGCCTTGGGAAGATGAAGTTTTTAGAGTAATTATTGAATATAACAATGTTCCTATTGGATATGGACAAATATATAAAATGTATGATGAGTTATATACTGATTATCATTATCCAAAAACTGATGAGATAGTCTATGGTATGGATCAATTTATAGGAGAGCCAAATTATTGGAGTAAAGGAATTGGTACAAGATATATTAAATTGATTTTTGAATTTTTGAAAAA-GAAAGAAATGCTAATGCAGTTATTTTAGACCCTCATAAAAATAATCCAAGAGCAATAAGGGCATACCAAAA-TCTGGTTTTAGAATTATTGAAGATTTGCCAGAACATGAATTACACGAGGGCAAAAA-GAAGATTGTTATTTAATGGAATATAGATATGATGATAATGCCACAAATGTTAAGGCAATGAAATATTTAATTGAGCATTACTTTGATAATTTCAAAGTAGATAGTATTGAAATAATCGGTAGTGGTTATGATAGTGTGGCATATTTAGTTAATAATGAATACATTTTTAAAACAAAATTTAGTACTAATAAGAAAAAAGGTTATGCAAAAGAAAAAGCAATATATAATTTTT-AAATACAAATTTAGAAACTAATGTAAAAATTCCTAATATTGAATATTCGTATATTAGTGATGAATTATCTATACTAGGTTATAAAGAAATTAAAGGAACTTTTT-AACACCAGAAATTTATTCTACTATGTCAGAAGAAGAACAAAATTTGTTAAAACGAGATATTGCCAGTTTTT-AAGACAAATGCACGGTTTAGATTATACAGATATTAGTGAATGTACTATTGATAATAAACAAAATGTATTAGAAGAGTATATATTGTTGCGTGAAACTATTTATAATGATTTAACTGATATAGAAAAAGATTATATAGAAAGTTTTATGGAAAGACTAAATGCAACAACAGTTTTTGAGGGTAAAAAGTGTTTATGCCATAATGATTTTAGTTGTAATCATCTATTGTTAGATGGCAATAATAGATTAACTGGAATAATTGATTTTGGAGATTCTGGAATTATAGATGAATATTGTGATTTTATATACTTACTTGAAGATAGTGAAGAAGAAATAGGAACAAATTTTGGAGAAGATATATTAAGAATGTATGGAAATATAGATATTGAGAAAGCAAAAGAATATCAAGATATAGTTGAAGAATATTATCCTATTGAAACTATTGTTTATGGAATTAAAAATATTAAACAGGAATTTATCGAAAATGGTAGAAAAGAAATTTATAAAAGGACTTATAAAGATTGA	Alternative name aac(6')-bifunctional, aac(6')-Ie, aacA-aphD, aac(6')-Ie-aph(2'')-Ia
Flye_on_data_5:_consensus	aadD	amikacin, tobramycin	Amikacin, Tobramycin	100.00	100.00	762/762	contig_1	921338	920577	M19465	GTGAATGGACCAATAATAATGACTAGAGAAGAAAGAATGAAGATTGTTCATGAAATTAAGGAACGAATATTGGATAAATATGGGGATGATGTTAAGGCTATTGGTGTTTATGGCTCTCTTGGTCGTCAGACTGATGGGCCCTATTCGGATATTGAGATGATGTGTGTCATGTCAACAGAGGAAGCAGAGTTCAGCCATGAATGGACAACCGGTGAGTGGAAGGTGGAAGTGAATTTTGATAGCGAAGAGATTCTACTAGATTATGCATCTCAGGTGGAATCAGATTGGCCGCTTACACATGGTCAATTTTTCTCTATTTTGCCGATTTATGATTCAGGTGGATACTTAGAGAAAGTGTATCAAACTGCTAAATCGGTAGAAGCCCAAACGTTCCACGATGCGATTTGTGCCCTTATCGTAGAAGAGCTGTTTGAATATGCAGGCAAATGGCGTAATATTCGTGTGCAAGGACCGACAACATTTCTACCATCCTTGACTGTACAGGTAGCAATGGCAGGTGCCATGTTGATTGGTCTGCATCATCGCATCTGTTATACGACGAGCGCTTCGGTCTTAACTGAAGCAGTTAAGCAATCAGATCTTCCTTCAGGTTATGACCATCTGTGCCAGTTCGTAATGTCTGGTCAACTTTCCGACTCTGAGAAACTTCTGGAATCGCTAGAGAATTTCTGGAATGGGATTCAGGAGTGGACAGAACGACACGGATATATAGTGGATGTGTCAAAACGCATACCATTTTGA	Alternative name ant(4')-Ia
Flye_on_data_5:_consensus	ant(9)-Ia	spectinomycin	Spectinomycin	99.87	100.00	783/783	contig_1	937255	936474	X02588	ATGAGCAATTTGATTAACGGAAAAATACCAAATCAAGCGATTCAAACATTAAAAATCGTAAAAGATTTATTTGGAAGTTCAATAGTTGGAGTATATCTATTTGGTTCAGCAGTAAATGGTGGTTTACGCATTAACAGCGATGTAGATGTTCTAGTCGTCGTGAATCATAGTTTACCTCAATTAACTCGAAAAAA-CTAACAGAAAGACTAATGACTATATCAGGAAAGATTGGAAATACGGATTCTGTTAGACCACTTGAAGTTACGGTTATAAATAGGAGTGAAGTTGTCCCTTGGCAATATCCTCCAAAAAGAGAATTTATATACGGTGAGTGGCTCAGGGGTGAATTTGAGAATGGACAAATTCAGGAACCAAGCTATGATCCTGATTTGGCTATTGTTTTAGCACAAGCAAGAAAGAATAGTATTTCTCTATTTGGTCCTGATTCTTCAAGTATACTTGTCTCCGTACCTTTGACAGATATTCGAAGAGCAATTAAGGATTCTTTGCCAGAACTAATTGAGGGGATAAAAGGTGATGAGCGTAATGTAATTTTAACCCTAGCTCGAATGTGGCAAACAGTGACTACTGGTGAAATTACCTCGAAAGATGTCGCTGCAGAATGGGCTATACCTCTTTTACCTAAAGAGCATGTAACTTTACTGGATATAGCTAGAAAAGGCTATCGGGGAGAGTGTGATGATAAGTGGGAAGGACTATATTCAAAGGTGAAAGCACTCGTTAAGTATATGAAAAATTCTATAGAAACTTCTCTCAATTAG	Alternative name aad(9), spc
Flye_on_data_5:_consensus	ant(9)-Ia	spectinomycin	Spectinomycin	99.87	100.00	783/783	contig_1	2676501	2675720	X02588	ATGAGCAATTTGATTAACGGAAAAATACCAAATCAAGCGATTCAAACATTAAAAATCGTAAAAGATTTATTTGGAAGTTCAATAGTTGGAGTATATCTATTTGGTTCAGCAGTAAATGGTGGTTTACGCATTAACAGCGATGTAGATGTTCTAGTCGTCGTGAATCATAGTTTACCTCAATTAACTCGAAAAAA-CTAACAGAAAGACTAATGACTATATCAGGAAAGATTGGAAATACGGATTCTGTTAGACCACTTGAAGTTACGGTTATAAATAGGAGTGAAGTTGTCCCTTGGCAATATCCTCCAAAAAGAGAATTTATATACGGTGAGTGGCTCAGGGGTGAATTTGAGAATGGACAAATTCAGGAACCAAGCTATGATCCTGATTTGGCTATTGTTTTAGCACAAGCAAGAAAGAATAGTATTTCTCTATTTGGTCCTGATTCTTCAAGTATACTTGTCTCCGTACCTTTGACAGATATTCGAAGAGCAATTAAGGATTCTTTGCCAGAACTAATTGAGGGGATAAAAGGTGATGAGCGTAATGTAATTTTAACCCTAGCTCGAATGTGGCAAACAGTGACTACTGGTGAAATTACCTCGAAAGATGTCGCTGCAGAATGGGCTATACCTCTTTTACCTAAAGAGCATGTAACTTTACTGGATATAGCTAGAAAAGGCTATCGGGGAGAGTGTGATGATAAGTGGGAAGGACTATATTCAAAGGTGAAAGCACTCGTTAAGTATATGAAAAATTCTATAGAAACTTCTCTCAATTAG	Alternative name aad(9), spc
Flye_on_data_5:_consensus	bleO	unknown[bleO_1_AF051917]	Bleomycin	99.75	100.00	399/399	contig_1	920355	919958	AF051917	ATGTTACAGTCTATCCCGGCATTGCCAGTCGGGGATATTAAAAAGAGTATAGGTTTTTATTGCGATAAACTAGGTTTCACTTTGGTTCACCATGAAGATGGATTCGCAGTTCTAATGTGTAATGAGGTTCGGATTCATCTATGGGAGGCAAGTGATGAAGGCTGGCGCTCTCGTAGTAATGATTCACCGGTTTGTACAGGTGCGGAGTCGTTTATTGCTGGTACTGCTAGTTGCCGCATTGAAGTAGAGGGAATTGATGAATTATATCAACATATTAAGCCTTTGGGCATTTTGCACCCCAATACATCATTAAAAGATCAGTGGTGGGATGAACGAGACTTTGCAGTAATTGATCCCGACAACAATTTGATTAGCTTTTT-CAACAAATAAAAAGCTAA	
Flye_on_data_5:_consensus	erm(A)	erythromycin, azithromycin	Erythromycin, Lincomycin, Clindamycin, Quinupristin, Pristinamycin IA, Virginiamycin S	99.73	100.00	732/732	contig_1	935620	936349	X03216	ATGAACCAGAAAAACCCTAAAGACACGCAAAATTTTATTACTTCTAAAAAGCATGTAAAAGAAATATTGAATCACACGAATATCAGTAAACAAGACAACGTAATAGAAATCGGATCAGGAAAAGGACATTTTACCAAAGAGCTAGTCAAAATGAGTCGATCAGTTACTGCTATAGAAATTGATGGAGGCTTATGTCAAGTGACTAAAGAAGCGGTAAACCCCTCTGAGAATATAAAAGTGATTCAAACGGATATTCTAAAATTTTCCTTCCCAAAACATATAAACTATAAGATATATGGTAATATTCCTTATAACATCAGTACGGATATTGTCAAAAGAATTACCTTTGAAAGTCAGGCTAAATATAGCTATCTTATCGTTGAGAAGGGATTTGCGAAAAGATTGCAAAATCTGCAACGAGCTTTGGGTTTACTATTAATGGTGGAGATGGATATAAAAATGCTC-AAAAAGTACCACCACTATATTTTCATCCTAAGCCAAGTGTAGACTCTGTATTGATTGTTCTTGAACGACATCAACCATTGATTTCAAAGAAGGACTACAAAAAGTATCGATCTTTTGTTTATAAGTGGGTAAACCGTGAATATCGTGTTCTTTTCACT-AAAACCAATTCCGACAGGCTTTGAAGCATGCAAATGTCACTAATATTAATAAACTATCGAAGGAACAATTTCTTTCTATTTTCAATAGTTACAAATTGTTTCACTAA	23S rRNA methylase; Azithromycin, Spiramycin resistance in Staphylococcus sp. and Streptococcus sp.; If inducible phenotype, patterns of spiramycin, lincomycin and clindamycin resistance may vary
Flye_on_data_5:_consensus	erm(A)	erythromycin, azithromycin	Erythromycin, Lincomycin, Clindamycin, Quinupristin, Pristinamycin IA, Virginiamycin S	99.73	100.00	732/732	contig_1	2674865	2675594	X03216	ATGAACCAGAAAAACCCTAAAGACACGCAAAATTTTATTACTTCTAAAAAGCATGTAAAAGAAATATTGAATCACACGAATATCAGTAAACAAGACAACGTAATAGAAATCGGATCAGGAAAAGGACATTTTACCAAAGAGCTAGTCAAAATGAGTCGATCAGTTACTGCTATAGAAATTGATGGAGGCTTATGTCAAGTGACTAAAGAAGCGGTAAACCCCTCTGAGAATATAAAAGTGATTCAAACGGATATTCTAAAATTTTCCTTCCCAAAACATATAAACTATAAGATATATGGTAATATTCCTTATAACATCAGTACGGATATTGTCAAAAGAATTACCTTTGAAAGTCAGGCTAAATATAGCTATCTTATCGTTGAGAAGGGATTTGCGAAAAGATTGCAAAATCTGCAACGAGCTTTGGGTTTACTATTAATGGTGGAGATGGATATAAAAATGCTC-AAAAAGTACCACCACTATATTTTCATCCTAAGCCAAGTGTAGACTCTGTATTGATTGTTCTTGAACGACATCAACCATTGATTTCAAAGAAGGACTACAAAAAGTATCGATCTTTTGTTTATAAGTGGGTAAACCGTGAATATCGTGTTCTTTTCACT-AAAACCAATTCCGACAGGCTTTGAAGCATGCAAATGTCACTAATATTAATAAACTATCGAAGGAACAATTTCTTTCTATTTTCAATAGTTACAAATTGTTTCACTAA	23S rRNA methylase; Azithromycin, Spiramycin resistance in Staphylococcus sp. and Streptococcus sp.; If inducible phenotype, patterns of spiramycin, lincomycin and clindamycin resistance may vary
Flye_on_data_5:_consensus	mecA	penicillin	Amoxicillin, Amoxicillin+Clavulanic acid, Ampicillin, Ampicillin+Clavulanic acid, Cefepime, Cefixime, Cefotaxime, Cefoxitin, Ceftazidime, Ertapenem, Imipenem, Meropenem, Piperacillin, Piperacillin+Tazobactam	99.35	100.00	2007/2007	contig_1	926692	924698	BX571856	ATGAAAAAGATAAAAATTGTTCCACTTATTTTAATAGTTGTAGTTGTCGGGTTTGGTATATATTTTTATGCTTCAAAAGATAAAGAAATTAATAATACTATTGATGCAATTGAAGATAAAAATTTCAAACAAGTTTATAAAGATAGCAGTTATATTTCTAAAAGCGATAATGGTGAAGTAGAAATGACTGAACGTCCGATAAAAATATATAATAGTTTAGGCGTTAAAGATATAAACATTCAGGATCGTAAAATAAAAAA-GTATCTAAAAATAAAAA-CGAGTAGATGCTCAATATAAAATTAAAACAAACTACGGTAACATTGATCGCAACGTTCAATTTAATTTTGTTAAAGAAGATGGTATGTGGAAGTTAGATTGGGATCATAGCGTCATTATTCCAGGAATGCAGAAAGACCAAAGCATACATATTGAAAATTTAAAATCAGAACGTGGTAAAATTTTAGACCGAAACAATGTGGAATTGGCCAATACAGGAACAGCATATGAGATAGGCATCGTTCCAAAGAATGTATCTAAAAA-GATTATAAAGCAATCGCTAAAGAACTAAGTATTTCTGAAGACTATATCAAACAACAAATGGATCAAAATTGGGTACAAGATGATACCTTCGTTCCACTTAAAACCGTTAAAAAA-TGGATGAATATTTAAGTGATTTCGCAAAAAA-TTTCATCTTACAACTAATGAAACAGAAAGTCGTAACTATCCTCTAGGAAAAGCGACTTCACATCTATTAGGTTATGTTGGTCCCATTAACTCTGAAGAATTAAAACAAAA-GAATATAAAGGCTATAAAGATGATGCAGTTATTGGTAAAA-GGGACTCGAAAAACTTTACGATAAAA-GCTCCAACATGAAGATGGCTATCGTGTCACAATCGTTGACGATAATAGCAATACAATCGCACATACATTAATAGAGAAAAAGAAAAA-GATGGCAAAGATATTCAACTAACTATTGATGCTAAAGTTCAAAAGAGTATTTATAACAACATGAAAAATGATTATGGCTCAGGTACTGCTATCCACCCTCAAACAGGTGAAATATTAGCACTTGTAAGCACACCTTCATATGACGTCTATCCATTTATGTATGGCATGAGTAACGAAGAATATAATAAATTAACCGAAGATAAAAA-GAACCTCTGCTCAACAAGTTCCAGATTACAACTTCACCAGGTTCAACTCAAAAA-TATTAACAGCAATGATTGGGTTAAATAACAAAACATTAGACGATAAAACAAGTTATAAAATCGATGGTAAAGGTTGGCAAAAAGATAAATCTTGGGGTGGTTACAACGTTACAAGATATGAAGTGGTAAATGGTAATATCGACTTAAAACAAGCAATAGAATCATCAGATAACATTTTCTTTGCTAGAGTAGCACTCGAATTAGGCAGTAAGAAATTTGAAAAAGGCATGAAAAA-CTAGGTGTTGGTGAAGATATACCAAGTGATTATCCATTTTATAATGCTCAAATTTCAAACAAAAATTTAGATAATGAAATATTATTAGCTGATTCAGGTTACGGACAAGGTGAAATACTGATTAACCCAGTACAGATCCTTTCAATCTATAGCGCATTAGAAAATAATGGCAATATTAACGCACCTCACTTATTAAAAGACACGAAAAACAAAGTTTGGAAGAAAAATATTATTTCCAAAGAAAATATCAATCTATTAACTGATGGTATGCAACAAGTCGTAAATAAAACACATAAAGAAGATATTTATAGATCTTATGCAAACTTAATTGGCAAATCCGGTACTGCAGAACTCAAAATGAAACAAGGAGAAACTGGCAGACAAATTGGGTGGTTTATATCATATGATAAAGATAATCCAAACATGATGATGGCTATTAATGTTAAAGATGTACAAGATAAAGGAATGGCTAGCTACAATGCCAAAATCTCAGGTAAAGTGTATGATGAGCTATATGAGAACGGTAATAAAAAATACGATATAGATGAATAA	
Flye_on_data_5:_consensus	tet(M)	tetracycline	Doxycycline, Tetracycline, Minocycline	99.43	100.00	1920/1920	contig_1	1310155	1308247	AM990992	ATGAAAATTATTAATATTGGAGTTTTAGCTCATGTTGATGCAGGAAAAACTACCTTAACAGAAAGCTTATTATATAACAGTGGAGCGATTACAGAATTAGGAAGCGTGGACAAAGGTACAACGAGGACGGATAATACGCTTTTAGAACGTCAGAGAGGAATTACAATTCAGACAGGAATAACCTCTTTTCAGTGGGAAAATACGAAGGTGAACATCATAGACACGCCAGGACATATGGATTTCTTAGCAGAAGTATATCGTTCATTATCAGTTTTAGATGGGGCAATTCTACTGATTTCTGCAAAAGATGGCGTACAAGCACAAACTCGTATATTATTTCATGCACTTAGGAAAATGGGGATTCCCACAATCTTTTT-ATCAATAAGATTGACCAAAATGGAATTGATTTATCAACGGTTTATCAGGATATTAAAGAGAAACTTTCTGCCGAAATTGTAATCAAACAGAAGGTAGAACTGTATCCTAATATGTGTGTGACGAACTTTACCGAATCTGAACAATGGGATACGGTAATAGAGGGAAACGATGACCTTT-AGAGAAATATATGTCCGGTAAATCATTAGAAGCATTGGAACTCGAACAAGAGGAAAGCATAAGATTTCAGAATTGTTCTCTGTTCCCTCTTTATCATGGAAGTGCAAAA-GTAATATAGGGATTGATAACCTTATAGAAGTTATTACTAATAAATTTTATTCATCAACACATCGAGGTCCGTCTGAACTTTGCGGAAATGTTTTCAAAATTGAATATACAAAAAA--GACAACGTCTTGCATATATACGCCTTTATAGTGGAGTACTACATTTACGAGATTCGGTTAGAGTATCAGAAAAAGAAAAA-TAAAAGTTACAGAAATGTATACTTCAATAAATGGTGAATTATGTAAGATTGATAGAGCTTATTCTGGAGAAATTGTTATTTTGCAAAATGAGTTTT-GAAGTTAAATAGTGTTCTTGGAGATACAAAACTATTGCCACAGAGAAAAA-GATTGAAAATCCGCACCCTCTACTACAAACAACTGTTGAACCGAGTAAACCTGAACAGAGAGAAATGTTGCTTGATGCCCTTTTGGAAATCTCAGATAGTGATCCGCTTCTACGATATTACGTGGATTCTACGACACATGAAATTATACTTTCTTTCTTAGGGAAAGTACAAATGGAAGTGATTAGTGCACTGTTGCAAGAAAAGTATCATGTGGAGATAGAACTAAAAGAGCCTACAGTCATTTATATGGAGAGACCGTTAAAAA-TGCAGAATATACCATTCACATCGAAGTGCCGCCAAATCCTTTCTGGGCTTCCATTGGTTTATCTGTATCACCGCTTCCGTTGGGAAGTGGAATGCAGTATGAGAGCTCGGTTTCTCTTGGATACTTAAATCAATCGTTTCAAAATGCAGTTATGGAGGG-ATACGCTATGGCTGTGAACAAGGATTGTATGGTTGGAATGTGACGGACTGTAAAATCTGTTTTAAGTATGGCTTATACTATAGCCCTGTTAGTACCCCAGCAGATTTTCGGATGCTTGCTCCTATTGTATTGGAACAAGTCTTAAAAAA-GCTGGAACAGAATTGTTAGAGCCATATCTTAGTTTTAAAATTTATGCGCCACAGGAATATCTTTCACGAGCATACAACGATGCTCCTAAATATTGTGCGAACATCGTAGACACTCAATTGAAAAATAATGAGGTCATTCTTAGTGGAGAAATCCCTGCTCGGTGTATTCAAGAATATCGTAGTGATTTAACTTTCTTTACAAATGGACGTAGTGTTTGTTTAACAGAGTTAAAAGGGTACCATGTTACTACCGGTGAACCTGTTTGCCAGCCCCGTCGTCCAAATAGTCGGATAGATAAAGTACGATATATGTTCAATAAAATAACTTAG	
